,drug,genotype,IC50,hill,cor,free.alpha,eff.alpha,resistant,LSC.eff.alpha,rel.mut.prob
1,Imatinib,WT,187.5929659,2.605207004,0.994408861,0.267079955,0.781748964,FALSE,0.0392,NA
2,Imatinib,M244V,143.8211099,1.618652833,0.971421761,0.336824935,0.658051154,TRUE,0.005829873,0.038343558
3,Imatinib,L248V,816.799956,2.338675724,0.961156671,0.012607542,0.071802603,TRUE,0.000636121,0.012269939
4,Imatinib,G250E,1829.415151,1.863416542,0.950217281,0.005496332,0.02301086,TRUE,0.00020386,0.133435583
5,Imatinib,Q252H,958.1929337,3.00254595,0.954683033,0.00314227,0.031557195,TRUE,0.000279575,0.023006135
6,Imatinib,Y253F,1055.213218,1.855040394,0.966237088,0.015309033,0.060972953,TRUE,0.000540178,0.004601227
7,Imatinib,Y253H,3929.957463,2.03642185,0.939868643,0.000797452,0.003906877,TRUE,3.46E-05,0.055214724
8,Imatinib,E255K,1081.976601,2.627211788,0.939768969,0.004082857,0.030652116,TRUE,0.000271556,0.133435583
9,Imatinib,E255V,5886.708288,6.699748393,0.80259604,5.31E-11,1.01E-08,TRUE,8.91E-11,0.004601227
10,Imatinib,D276G,236.6864932,1.781976566,0.979068081,0.188560191,0.467715748,TRUE,0.004143634,0.038343558
11,Imatinib,T315I,5885.450705,7.49614925,0.740034807,3.64E-12,1.29E-09,TRUE,1.14E-11,0.182515337
12,Imatinib,F317L,428.5943185,2.194352549,0.98623972,0.059105541,0.244214329,TRUE,0.002163568,0.076687117
13,Imatinib,M351T,539.3844997,3.445397058,0.961706782,0.011304692,0.137691738,TRUE,0.001219853,0.055214724
14,Imatinib,E355G,443.6960523,1.943983667,0.987033563,0.065927512,0.231271008,TRUE,0.002048899,0.038343558
15,Imatinib,F359C,806.2694935,3.703739826,0.978913508,0.002009497,0.034709056,TRUE,0.000307498,0.009202454
16,Imatinib,F359I,394.0003883,2.012923777,0.955922146,0.077881262,0.273534635,TRUE,0.002423326,0.003067485
17,Imatinib,F359V,511.5376211,3.017226868,0.934366921,0.019897256,0.167392277,TRUE,0.001482979,0.009202454
18,Imatinib,H396P,1482.369318,2.453026827,0.970887456,0.002530102,0.016884695,TRUE,0.000149587,0.010736196
19,Imatinib,H396R,399.4440865,1.264695906,0.987717498,0.118020905,0.254084227,TRUE,0.002251009,0.038343558
20,Imatinib,E459K,256.3551215,2.004005035,0.965028418,0.162137904,0.462625582,TRUE,0.004098539,0.133435583
21,Nilotinib,WT,15.7250575,2.117926267,0.994166589,0.90665205,1.500346681,FALSE,0.328676075,NA
22,Nilotinib,M244V,26.33205467,2.426923242,0.974653949,0.647431815,1.304648075,FALSE,0.01155827,0.038343558
23,Nilotinib,L248V,54.83601896,1.309207941,0.98356177,0.23170123,0.47252948,TRUE,0.004186281,0.012269939
24,Nilotinib,G250E,121.5617847,1.106411692,0.964826569,0.11590485,0.245122763,TRUE,0.002171616,0.133435583
25,Nilotinib,Q252H,44.14997012,1.629186724,0.988282348,0.296027424,0.642974016,TRUE,0.0056963,0.023006135
26,Nilotinib,Y253F,50.44671031,1.856100477,0.993125455,0.258852555,0.642782408,TRUE,0.005694603,0.004601227
27,Nilotinib,Y253H,720.0781776,2.470549328,0.962311263,0.000579236,0.004911353,TRUE,4.35E-05,0.055214724
28,Nilotinib,E255K,92.42916917,2.125789995,0.964974931,0.095485997,0.377008033,TRUE,0.003340028,0.133435583
29,Nilotinib,E255V,576.8920447,2.480999438,0.973090123,0.000976803,0.008319981,TRUE,7.37E-05,0.004601227
30,Nilotinib,D276G,14.95905801,1.437378229,0.993145677,0.671544075,1.054064552,FALSE,0.009338275,0.038343558
31,Nilotinib,T315I,45177.01919,3.409430106,0.873302481,3.85E-11,7.43E-10,TRUE,6.58E-12,0.182515337
32,Nilotinib,F317L,48.21748905,1.702166415,0.989506165,0.270473239,0.622954356,TRUE,0.00551894,0.076687117
33,Nilotinib,M351T,20.22680974,1.855711211,0.991283475,0.667164303,1.165852336,FALSE,0.010328636,0.055214724
34,Nilotinib,E355G,25.90526803,1.828055724,0.989369578,0.533821892,1.004401724,FALSE,0.008898297,0.038343558
35,Nilotinib,F359C,122.0577871,2.435492178,0.983585434,0.044695396,0.260982336,TRUE,0.002312121,0.009202454
36,Nilotinib,F359I,103.8235483,1.540404962,0.985049003,0.10634395,0.296057264,TRUE,0.00262286,0.003067485
37,Nilotinib,F359V,107.9199748,2.230879252,0.991093937,0.066910725,0.310838262,TRUE,0.00275381,0.009202454
38,Nilotinib,H396P,122.4738536,1.842694962,0.970952259,0.06866143,0.25235827,TRUE,0.002235718,0.010736196
39,Nilotinib,H396R,70.38838611,0.734725263,0.94642874,0.2022072,0.315718306,TRUE,0.002797043,0.038343558
40,Nilotinib,E459K,22.62561518,1.84623322,0.9840913,0.605741093,1.093510305,FALSE,0.009687737,0.133435583
41,Dasatinib,WT,2.411092212,2.843638349,0.984932764,0.033991852,1.443127141,FALSE,0.305626061,NA
42,Dasatinib,M244V,3.355991196,1.996274662,0.996067079,0.034149984,0.819750141,FALSE,0.007262413,0.038343558
43,Dasatinib,L248V,6.95860279,1.163728817,0.985318374,0.036843347,0.331558959,TRUE,0.002937381,0.012269939
44,Dasatinib,G250E,8.072449156,1.663090374,0.975037165,0.011899045,0.327734963,TRUE,0.002903503,0.133435583
45,Dasatinib,Q252H,3.500165403,1.605442651,0.98644416,0.048303903,0.661997391,TRUE,0.005864834,0.023006135
46,Dasatinib,Y253F,1.35140484,2.042049628,0.997443459,0.168302812,1.431797914,FALSE,0.012684728,0.004601227
47,Dasatinib,Y253H,5.875668996,2.443078153,0.991545877,0.005514924,0.575882214,TRUE,0.005101914,0.055214724
48,Dasatinib,E255K,5.531157242,2.332149484,0.987285701,0.007622191,0.595562541,TRUE,0.005276268,0.133435583
49,Dasatinib,E255V,8.609195389,1.804567259,0.966410372,0.008037579,0.312838211,TRUE,0.002771528,0.004601227
50,Dasatinib,D276G,1.624658866,2.118828791,0.990641799,0.12100517,1.356565538,FALSE,0.012018222,0.038343558
51,Dasatinib,T315I,9550.906064,3.976962956,0.955547835,7.40E-17,6.85E-13,TRUE,6.07E-15,0.182515337
52,Dasatinib,F317L,13.88002198,2.289360733,0.995169782,0.001003793,0.153988871,TRUE,0.001364234,0.076687117
53,Dasatinib,M351T,3.880493595,3.698605597,0.992186026,0.003132356,1.291559484,FALSE,0.011442314,0.055214724
54,Dasatinib,E355G,2.686224945,1.997628663,0.991937357,0.05177653,0.958095519,FALSE,0.008488056,0.038343558
55,Dasatinib,F359C,3.270415087,2.744691504,0.995038039,0.016344504,1.121481564,FALSE,0.009935542,0.009202454
56,Dasatinib,F359I,3.645290721,2.148451942,0.983636873,0.02448533,0.820665894,FALSE,0.007270526,0.003067485
57,Dasatinib,F359V,3.708111541,1.926989673,0.990610347,0.030605551,0.737127639,FALSE,0.006530435,0.009202454
58,Dasatinib,H396P,2.711545335,1.554698092,0.982013236,0.073297137,0.761515893,FALSE,0.006746498,0.010736196
59,Dasatinib,H396R,12.80454711,0.62421435,0.924904261,0.065209588,0.215619994,TRUE,0.001910242,0.038343558
60,Dasatinib,E459K,2.239436811,1.827723367,0.995965478,0.08038224,0.987407496,FALSE,0.00874774,0.133435583
