,This study,Gozgit IC50 2013,Zabriskie IC50 2014,Redaelli IC50 2012,Wylie IC50 2017
WT,145,201,768,527,90.5
M244V,158,287,1025,453,
K247L,,,,,
L248V,831,586,,1866,
G250E,2004,1087,6227,3613,
Q252H,1047,,947,734,455
Y253F,1381,,,1888,
Y253H,4430,4908,10420,4589,835
E255V,6040,8322,10420,8953,874
E255K,1153,2487,,3174,837
D276G,264,,,1147,
L298V,,,,,
F311I,,,,,
T315I,6218,9773,10420,9221,9645
F317L,452,675,,1370,
M351T,522,404,,926,
E355A,430,441,,,
E355G,632,,,,149
F359C,789,728,,,
F359I,377,324,,3147,
F359V,519,346,3545,1509,248.6
L364I,,,,,
H396P,1734,,,1280,
H396R,533,395,4010,2058,
S417Y,,,,,
A433T,,,,,
E450G,,,,,
E459G,,,,,
E459K,360,612,,,201
