,10,5,2.5,1.25,0.625,0.3125,0.15625,0.078125,0.0390625,0.01953125,mock,n10,n5,n2.5,n1.25,n0.625,n0.3125,n0.156,n0.078,n0.039,n0.019,
WT,17.1,307.8,652.8,1035,2971,4.76E+04,1.91E+05,2.16E+05,2.95E+05,1.41E+05,3.98E+05,4.30E-05,7.73E-04,1.64E-03,2.60E-03,7.46E-03,1.20E-01,4.80E-01,5.43E-01,7.41E-01,3.54E-01,1.00E+00
WT,2.591,137.4,503.1,790.7,2376,3.04E+04,1.78E+05,2.29E+05,2.68E+05,1.83E+05,3.60E+05,7.20E-06,3.82E-04,1.40E-03,2.20E-03,6.60E-03,8.44E-02,4.94E-01,6.36E-01,7.44E-01,5.08E-01,1.00E+00
WT,120.9,2007,3607,8708,1.63E+04,6.59E+04,1.11E+05,1.54E+05,2.60E+05,3.01E+05,2.54E+05,4.76E-04,7.90E-03,1.42E-02,3.43E-02,6.42E-02,2.59E-01,4.37E-01,6.06E-01,1.02E+00,1.19E+00,1.00E+00
WT,31.41,1856,3294,5817,1.12E+04,5.91E+04,1.06E+05,1.36E+05,2.19E+05,2.99E+05,2.96E+05,1.06E-04,6.27E-03,1.11E-02,1.97E-02,3.78E-02,2.00E-01,3.58E-01,4.59E-01,7.40E-01,1.01E+00,1.00E+00
WT,177.9,1056,490.1,1879,3800,4.94E+04,6.46E+04,5.64E+04,6.92E+04,5.99E+04,8.26E+04,2.15E-03,1.28E-02,5.93E-03,2.27E-02,4.60E-02,5.98E-01,7.82E-01,6.83E-01,8.38E-01,7.25E-01,1.00E+00
WT,196.2,1112,1539,1576,4947,3.65E+04,4.41E+04,5.85E+04,5.95E+04,7.06E+04,8.71E+04,2.25E-03,1.28E-02,1.77E-02,1.81E-02,5.68E-02,4.19E-01,5.06E-01,6.72E-01,6.83E-01,8.11E-01,1.00E+00
WT,3988,137.1,479.5,765.7,3512,6.08E+04,1.14E+05,1.79E+05,1.72E+05,1.91E+05,1.85E+05,2.16E-02,7.41E-04,2.59E-03,4.14E-03,1.90E-02,3.29E-01,6.16E-01,9.68E-01,9.30E-01,1.03E+00,1.00E+00
WT,242.5,675.5,1236,1764,4335,5.84E+04,1.25E+05,1.90E+05,1.62E+05,2.35E+05,1.95E+05,1.24E-03,3.46E-03,6.34E-03,9.05E-03,2.22E-02,2.99E-01,6.41E-01,9.74E-01,8.31E-01,1.21E+00,1.00E+00
WT,13.09,253.7,471.2,541.8,1369,4.26E+04,1.47E+05,2.32E+05,2.62E+05,2.89E+05,3.34E+05,3.92E-05,7.60E-04,1.41E-03,1.62E-03,4.10E-03,1.28E-01,4.40E-01,6.95E-01,7.84E-01,8.65E-01,1.00E+00
WT,114.6,152.9,252.6,739.4,2423,6.49E+04,1.57E+05,2.32E+05,2.82E+05,2.39E+05,2.95E+05,3.88E-04,5.18E-04,8.56E-04,2.51E-03,8.21E-03,2.20E-01,5.32E-01,7.86E-01,9.56E-01,8.10E-01,1.00E+00
WT,107.9,95.74,134.2,381.2,1772,5.56E+04,1.23E+05,1.91E+05,1.75E+05,2.21E+05,2.06E+05,5.24E-04,4.65E-04,6.51E-04,1.85E-03,8.60E-03,2.70E-01,5.97E-01,9.27E-01,8.50E-01,1.07E+00,1.00E+00
WT,146.9,103.8,242,623.2,1663,5.10E+04,1.24E+05,2.41E+05,3.07E+05,2.08E+05,2.24E+05,6.56E-04,4.63E-04,1.08E-03,2.78E-03,7.42E-03,2.28E-01,5.54E-01,1.08E+00,1.37E+00,9.29E-01,1.00E+00
WT,112.9,121.4,299.4,287.3,1134,5.00E+04,1.69E+05,2.02E+05,2.93E+05,2.94E+05,3.11E+05,3.63E-04,3.90E-04,9.63E-04,9.24E-04,3.65E-03,1.61E-01,5.43E-01,6.50E-01,9.42E-01,9.45E-01,1.00E+00
WT,180.6,204.7,328.5,603,1390,5.57E+04,2.26E+05,3.07E+05,3.18E+05,3.65E+05,3.28E+05,5.51E-04,6.24E-04,1.00E-03,1.84E-03,4.24E-03,1.70E-01,6.89E-01,9.36E-01,9.70E-01,1.11E+00,1.00E+00
WT,39.55,331.7,1559,3332,6277,4.83E+04,1.66E+05,2.01E+05,1.94E+05,2.06E+05,1.95E+05,2.03E-04,1.70E-03,7.99E-03,1.71E-02,3.22E-02,2.48E-01,8.51E-01,1.03E+00,9.95E-01,1.06E+00,1.00E+00
WT,92.64,507.9,1990,4538,9108,5.60E+04,2.07E+05,2.14E+05,2.01E+05,1.93E+05,2.10E+05,4.41E-04,2.42E-03,9.48E-03,2.16E-02,4.34E-02,2.67E-01,9.86E-01,1.02E+00,9.57E-01,9.19E-01,1.00E+00
WT,224.6,822.9,4186,1.11E+04,2.78E+04,2.03E+05,2.91E+05,3.35E+05,3.48E+05,4.25E+05,4.02E+05,5.59E-04,2.05E-03,1.04E-02,2.76E-02,6.92E-02,5.05E-01,7.24E-01,8.33E-01,8.66E-01,1.06E+00,1.00E+00
WT,152.6,1068,4753,1.02E+04,3.21E+04,1.64E+05,2.91E+05,2.96E+05,3.94E+05,4.16E+05,4.09E+05,3.73E-04,2.61E-03,1.16E-02,2.49E-02,7.85E-02,4.01E-01,7.11E-01,7.24E-01,9.63E-01,1.02E+00,1.00E+00
WT,188.5,258.8,1690,4181,1.01E+04,5.90E+04,1.46E+05,1.89E+05,2.15E+05,2.11E+05,2.03E+05,9.29E-04,1.27E-03,8.33E-03,2.06E-02,4.98E-02,2.91E-01,7.19E-01,9.31E-01,1.06E+00,1.04E+00,1.00E+00
WT,119.4,227.5,1899,4908,1.05E+04,8.64E+04,1.69E+05,1.70E+05,1.96E+05,1.90E+05,2.91E+05,4.10E-04,7.82E-04,6.53E-03,1.69E-02,3.61E-02,2.97E-01,5.81E-01,5.84E-01,6.74E-01,6.53E-01,1.00E+00
F359L(minipre plasmid),0,466.8,1418,1804,2886,3643,6905,3.17E+04,8.88E+04,1.32E+05,2.03E+05,0.00E+00,2.30E-03,6.99E-03,8.89E-03,1.42E-02,1.79E-02,3.40E-02,1.56E-01,4.37E-01,6.50E-01,1.00E+00
F359L(minipre plasmid),0,123.2,1543,2.08E+03,3.12E+03,4.38E+03,6.95E+03,3.85E+04,8.80E+04,1.28E+05,2.13E+05,0.00E+00,5.78E-04,7.24E-03,9.78E-03,1.46E-02,2.06E-02,3.26E-02,1.81E-01,4.13E-01,6.01E-01,1.00E+00
F359L(minipre plasmid),140.8,475.4,3004,4551,6977,9531,2.48E+04,1.05E+05,2.37E+05,2.94E+05,4.31E+05,3.27E-04,1.10E-03,6.97E-03,1.06E-02,1.62E-02,2.21E-02,5.75E-02,2.44E-01,5.50E-01,6.82E-01,1.00E+00
F359L(minipre plasmid),146.7,723.7,4548,5593,9220,1.11E+04,2.23E+04,1.16E+05,2.63E+05,3.28E+05,4.58E+05,3.20E-04,1.58E-03,9.93E-03,1.22E-02,2.01E-02,2.42E-02,4.87E-02,2.53E-01,5.74E-01,7.16E-01,1.00E+00
F359L(minipre plasmid),103.3,628.2,4818,6078,5164,6972,1.22E+04,3.97E+04,1.34E+05,1.31E+05,2.25E+05,4.59E-04,2.79E-03,2.14E-02,2.70E-02,2.30E-02,3.10E-02,5.42E-02,1.76E-01,5.96E-01,5.82E-01,1.00E+00
F359L(minipre plasmid),146,694.2,5641,6642,8251,9354,1.64E+04,5.22E+04,1.16E+05,1.33E+05,2.76E+05,5.29E-04,2.52E-03,2.04E-02,2.41E-02,2.99E-02,3.39E-02,5.94E-02,1.89E-01,4.20E-01,4.82E-01,1.00E+00
F359L(maxpre plasmid),171.1,280.2,760.8,1822,1872,2786,8693,2.57E+04,6.42E+04,9.92E+04,1.29E+05,1.33E-03,2.17E-03,5.90E-03,1.41E-02,1.45E-02,2.16E-02,6.74E-02,1.99E-01,4.98E-01,7.69E-01,1.00E+00
F359L(maxpre plasmid),145.6,270.7,837.1,1981,4832,3474,9337,2.67E+04,6.63E+04,1.01E+05,1.34E+05,1.09E-03,2.02E-03,6.25E-03,1.48E-02,3.61E-02,2.59E-02,6.97E-02,1.99E-01,4.95E-01,7.54E-01,1.00E+00
F359L(maxpre plasmid),84.6,496.3,3039,6267,6405,1.32E+04,2.79E+04,1.05E+05,1.96E+05,1.91E+05,3.09E+05,2.74E-04,1.61E-03,9.83E-03,2.03E-02,2.07E-02,4.27E-02,9.03E-02,3.40E-01,6.34E-01,6.18E-01,1.00E+00
F359L(maxpre plasmid),114.9,1063,5669,9358,1.29E+04,1.28E+04,3.09E+04,1.16E+05,2.14E+05,2.14E+05,2.84E+05,4.05E-04,3.74E-03,2.00E-02,3.30E-02,4.54E-02,4.51E-02,1.09E-01,4.08E-01,7.54E-01,7.54E-01,1.00E+00
F359L(maxpre plasmid),54.37,119.4,5050,3775,6306,8603,2.23E+04,6.17E+04,1.00E+05,1.30E+05,2.06E+05,2.64E-04,5.80E-04,2.45E-02,1.83E-02,3.06E-02,4.18E-02,1.08E-01,3.00E-01,4.85E-01,6.31E-01,1.00E+00
F359L(maxpre plasmid),47.12,611.8,5038,7558,9689,8980,2.55E+04,6.45E+04,9.48E+04,1.19E+05,2.04E+05,2.31E-04,3.00E-03,2.47E-02,3.70E-02,4.75E-02,4.40E-02,1.25E-01,3.16E-01,4.65E-01,5.83E-01,1.00E+00
M244V,232.4,1104,1046,1549,3448,6.08E+04,1.69E+05,2.75E+05,2.29E+05,2.14E+05,3.73E+05,6.23E-04,2.96E-03,2.80E-03,4.15E-03,9.24E-03,1.63E-01,4.53E-01,7.37E-01,6.14E-01,5.74E-01,1.00E+00
M244V,484.6,1503,2301,2577,9421,5.89E+04,1.38E+05,2.23E+05,1.50E+05,1.81E+05,2.91E+05,1.67E-03,5.16E-03,7.91E-03,8.86E-03,3.24E-02,2.02E-01,4.74E-01,7.66E-01,5.15E-01,6.22E-01,1.00E+00
M244V,135,810.6,963.8,1381,8035,6.71E+04,1.50E+05,1.86E+05,3.56E+05,2.56E+05,2.87E+05,4.70E-04,2.82E-03,3.36E-03,4.81E-03,2.80E-02,2.34E-01,5.23E-01,6.48E-01,1.24E+00,8.92E-01,1.00E+00
M244V,371.8,1459,2085,2131,1.17E+04,6.55E+04,1.55E+05,2.03E+05,2.44E+05,2.04E+05,2.48E+05,1.50E-03,5.88E-03,8.41E-03,8.59E-03,4.72E-02,2.64E-01,6.25E-01,8.19E-01,9.84E-01,8.23E-01,1.00E+00
M244V,168.2,640.7,1111,1343,7545,8.58E+04,1.62E+05,2.87E+05,3.50E+05,3.60E+05,3.50E+05,4.81E-04,1.83E-03,3.17E-03,3.84E-03,2.16E-02,2.45E-01,4.63E-01,8.20E-01,1.00E+00,1.03E+00,1.00E+00
M244V,672.1,1682,2621,3994,1.04E+04,1.02E+05,1.95E+05,2.52E+05,3.56E+05,3.29E+05,3.86E+05,1.74E-03,4.36E-03,6.79E-03,1.03E-02,2.69E-02,2.64E-01,5.05E-01,6.53E-01,9.22E-01,8.52E-01,1.00E+00
V299L H,22.8,8127,1.05E+04,1.19E+04,2.33E+04,8.02E+04,1.65E+05,2.80E+05,3.46E+05,3.58E+05,4.04E+05,5.64E-05,2.01E-02,2.60E-02,2.95E-02,5.77E-02,1.99E-01,4.08E-01,6.93E-01,8.56E-01,8.86E-01,1.00E+00
V299L H,68.11,5573,1.14E+04,8144,1.66E+04,6.56E+04,1.83E+05,2.63E+05,4.19E+05,4.37E+05,4.32E+05,1.58E-04,1.29E-02,2.64E-02,1.89E-02,3.84E-02,1.52E-01,4.24E-01,6.09E-01,9.70E-01,1.01E+00,1.00E+00
V299L H,215.1,2856,4970,3909,1.48E+04,5.38E+04,1.07E+05,1.63E+05,2.94E+05,2.21E+05,1.95E+05,1.10E-03,1.46E-02,2.55E-02,2.00E-02,7.59E-02,2.76E-01,5.49E-01,8.36E-01,1.51E+00,1.13E+00,1.00E+00
V299L H,89.84,3842,3170,5242,1.20E+04,7.25E+04,1.18E+05,1.66E+05,1.97E+05,2.34E+05,2.33E+05,3.86E-04,1.65E-02,1.36E-02,2.25E-02,5.15E-02,3.11E-01,5.06E-01,7.12E-01,8.45E-01,1.00E+00,1.00E+00
V299L H,8.593,1652,2078,2639,5078,3.19E+04,2.03E+05,2.86E+05,3.46E+05,3.57E+05,2.94E+05,2.92E-05,5.62E-03,7.07E-03,8.98E-03,1.73E-02,1.09E-01,6.90E-01,9.73E-01,1.18E+00,1.21E+00,1.00E+00
V299L H,74.83,2518,1638,3017,5007,4.48E+04,1.50E+05,2.63E+05,3.11E+05,3.51E+05,2.76E+05,2.71E-04,9.12E-03,5.93E-03,1.09E-02,1.81E-02,1.62E-01,5.43E-01,9.53E-01,1.13E+00,1.27E+00,1.00E+00
V299L L,70.62,2333,3728,4560,6777,4.61E+04,1.75E+05,2.95E+05,3.56E+05,3.75E+05,2.47E+05,2.86E-04,9.45E-03,1.51E-02,1.85E-02,2.74E-02,1.87E-01,7.09E-01,1.19E+00,1.44E+00,1.52E+00,1.00E+00
V299L L,23.92,1439,4011,4551,7095,4.50E+04,1.51E+05,2.19E+05,2.96E+05,2.54E+05,2.86E+05,8.36E-05,5.03E-03,1.40E-02,1.59E-02,2.48E-02,1.57E-01,5.28E-01,7.66E-01,1.03E+00,8.88E-01,1.00E+00
V299L L,110.3,1612,3508,3179,1.07E+04,7.92E+04,1.24E+05,1.65E+05,2.81E+05,2.41E+05,2.69E+05,4.10E-04,5.99E-03,1.30E-02,1.18E-02,3.98E-02,2.94E-01,4.61E-01,6.13E-01,1.04E+00,8.96E-01,1.00E+00
V299L L,121.5,1458,3352,3116,1.10E+04,1.05E+05,1.56E+05,1.86E+05,2.01E+05,1.76E+05,1.99E+05,6.11E-04,7.33E-03,1.68E-02,1.57E-02,5.53E-02,5.28E-01,7.84E-01,9.35E-01,1.01E+00,8.84E-01,1.00E+00
V299L L,65.45,608,1141,1574,8937,1.34E+05,2.61E+05,3.86E+05,4.46E+05,3.99E+05,3.59E+05,1.82E-04,1.69E-03,3.18E-03,4.38E-03,2.49E-02,3.73E-01,7.27E-01,1.08E+00,1.24E+00,1.11E+00,1.00E+00
V299L L,48.68,514.8,1081,1497,6071,9.99E+04,2.07E+05,3.77E+05,4.12E+05,3.94E+05,3.05E+05,1.60E-04,1.69E-03,3.54E-03,4.91E-03,1.99E-02,3.28E-01,6.79E-01,1.24E+00,1.35E+00,1.29E+00,1.00E+00
E355A,13.69,1228,1302,6584,6.49E+04,2.06E+05,2.53E+05,2.71E+05,2.15E+05,2.59E+05,3.41E+05,4.01E-05,3.60E-03,3.82E-03,1.93E-02,1.90E-01,6.04E-01,7.42E-01,7.95E-01,6.30E-01,7.60E-01,1.00E+00
E355A,47.72,511.3,852.6,4621,5.59E+04,2.60E+05,1.93E+05,2.05E+05,1.85E+05,1.96E+05,2.76E+05,1.73E-04,1.85E-03,3.09E-03,1.67E-02,2.03E-01,9.42E-01,6.99E-01,7.43E-01,6.70E-01,7.10E-01,1.00E+00
E355A,135.8,1547,2369,8222,6.06E+04,1.53E+05,3.22E+05,3.37E+05,2.68E+05,2.53E+05,2.81E+05,4.83E-04,5.51E-03,8.43E-03,2.93E-02,2.16E-01,5.44E-01,1.15E+00,1.20E+00,9.54E-01,9.00E-01,1.00E+00
E355A,72.19,1008,1592,9205,5.72E+04,1.93E+05,3.00E+05,2.76E+05,3.14E+05,2.92E+05,2.01E+05,3.59E-04,5.01E-03,7.92E-03,4.58E-02,2.85E-01,9.60E-01,1.49E+00,1.37E+00,1.56E+00,1.45E+00,1.00E+00
E355A,129.1,2014,1902,4771,5.97E+04,3.32E+05,2.42E+05,5.03E+05,4.61E+05,4.44E+05,4.36E+05,2.96E-04,4.62E-03,4.36E-03,1.09E-02,1.37E-01,7.61E-01,5.55E-01,1.15E+00,1.06E+00,1.02E+00,1.00E+00
E355A,0,1172,3399,5984,7.62E+04,3.21E+05,2.99E+05,4.19E+05,3.80E+05,4.49E+05,4.51E+05,0.00E+00,2.60E-03,7.54E-03,1.33E-02,1.69E-01,7.12E-01,6.63E-01,9.29E-01,8.43E-01,9.96E-01,1.00E+00
D276G(minipre plasmid),236.4,408.5,8.79E+03,4.92E+03,1.55E+04,7.22E+04,1.27E+05,1.83E+05,1.93E+05,1.77E+05,2.39E+05,9.89E-04,1.71E-03,3.68E-02,2.06E-02,6.49E-02,3.02E-01,5.31E-01,7.66E-01,8.08E-01,7.41E-01,1.00E+00
D276G(minipre plasmid),79.08,301.5,3086,3733,9.82E+03,4.65E+04,1.06E+05,1.64E+05,1.93E+05,1.93E+05,1.97E+05,4.01E-04,1.53E-03,1.57E-02,1.89E-02,4.99E-02,2.36E-01,5.38E-01,8.32E-01,9.80E-01,9.80E-01,1.00E+00
D276G(minipre plasmid),177.3,761.4,6906,1.36E+04,4.15E+04,1.92E+05,2.74E+05,3.96E+05,4.57E+05,3.87E+05,4.34E+05,4.09E-04,1.75E-03,1.59E-02,3.13E-02,9.56E-02,4.42E-01,6.31E-01,9.12E-01,1.05E+00,8.92E-01,1.00E+00
D276G(minipre plasmid),97.17,637.2,7041,1.50E+04,3.90E+04,1.61E+05,2.76E+05,3.12E+05,4.16E+05,4.01E+05,4.03E+05,2.41E-04,1.58E-03,1.75E-02,3.72E-02,9.68E-02,4.00E-01,6.85E-01,7.74E-01,1.03E+00,9.95E-01,1.00E+00
D276G(minipre plasmid),355.8,1615,1.01E+04,1.73E+04,3.85E+04,1.33E+05,2.23E+05,2.16E+05,2.31E+05,2.08E+05,2.75E+05,1.29E-03,5.87E-03,3.67E-02,6.29E-02,1.40E-01,4.84E-01,8.11E-01,7.85E-01,8.40E-01,7.56E-01,1.00E+00
D276G(minipre plasmid),345.7,745.6,9019,1.23E+04,2.97E+04,1.37E+05,2.37E+05,1.61E+05,2.21E+05,1.75E+05,3.03E+05,1.14E-03,2.46E-03,2.98E-02,4.06E-02,9.80E-02,4.52E-01,7.82E-01,5.31E-01,7.29E-01,5.78E-01,1.00E+00
D276G(maxpre plasmid),0,821.4,2949,5182,7262,6.04E+04,1.58E+05,2.02E+05,2.15E+05,2.34E+05,2.18E+05,0.00E+00,3.77E-03,1.35E-02,2.38E-02,3.33E-02,2.77E-01,7.25E-01,9.27E-01,9.86E-01,1.07E+00,1.00E+00
D276G(maxpre plasmid),50.33,669.2,3844,4644,1.03E+04,7.53E+04,1.63E+05,2.02E+05,2.51E+05,2.10E+05,2.26E+05,2.23E-04,2.96E-03,1.70E-02,2.05E-02,4.56E-02,3.33E-01,7.21E-01,8.94E-01,1.11E+00,9.29E-01,1.00E+00
D276G(maxpre plasmid),155.3,2319,7912,1.95E+04,5.31E+04,2.15E+05,2.81E+05,3.26E+05,3.83E+05,4.56E+05,4.62E+05,3.36E-04,5.02E-03,1.71E-02,4.22E-02,1.15E-01,4.65E-01,6.08E-01,7.06E-01,8.29E-01,9.87E-01,1.00E+00
D276G(maxpre plasmid),209.1,2862,9285,2.09E+04,4.79E+04,2.27E+05,3.17E+05,3.70E+05,4.76E+05,4.26E+05,4.28E+05,4.89E-04,6.69E-03,2.17E-02,4.88E-02,1.12E-01,5.30E-01,7.41E-01,8.64E-01,1.11E+00,9.95E-01,1.00E+00
D276G(maxpre plasmid),132.6,1114,1.17E+04,1.38E+04,2.77E+04,1.46E+05,1.40E+05,1.91E+05,1.87E+05,2.25E+05,2.68E+05,4.95E-04,4.16E-03,4.37E-02,5.15E-02,1.03E-01,5.45E-01,5.22E-01,7.13E-01,6.98E-01,8.40E-01,1.00E+00
D276G(maxpre plasmid),136.3,1309,8900,1.40E+04,2.81E+04,1.40E+05,1.63E+05,1.94E+05,1.96E+05,2.07E+05,2.82E+05,4.83E-04,4.64E-03,3.16E-02,4.96E-02,9.96E-02,4.96E-01,5.78E-01,6.88E-01,6.95E-01,7.34E-01,1.00E+00
H396R,0,1.15E+04,4.69E+04,3.54E+04,7.24E+04,1.40E+05,1.79E+05,2.10E+05,3.07E+05,2.23E+05,2.37E+05,0.00E+00,4.85E-02,1.98E-01,1.49E-01,3.05E-01,5.91E-01,7.55E-01,8.86E-01,1.30E+00,9.41E-01,1.00E+00
H396R,0,1.23E+04,3.39E+04,4.49E+04,5.66E+04,1.40E+05,1.88E+05,2.19E+05,2.29E+05,2.23E+05,2.52E+05,0.00E+00,4.88E-02,1.35E-01,1.78E-01,2.25E-01,5.56E-01,7.46E-01,8.69E-01,9.09E-01,8.85E-01,1.00E+00
H396R,641.3,2.95E+04,5.07E+04,9.69E+04,1.86E+05,2.44E+05,2.92E+05,3.73E+05,4.34E+05,4.87E+05,4.55E+05,1.41E-03,6.48E-02,1.11E-01,2.13E-01,4.09E-01,5.36E-01,6.42E-01,8.20E-01,9.54E-01,1.07E+00,1.00E+00
H396R,396.8,2.89E+04,6.94E+04,1.14E+05,1.76E+05,2.91E+05,4.20E+05,4.79E+05,4.93E+05,4.99E+05,4.85E+05,8.18E-04,5.96E-02,1.43E-01,2.35E-01,3.63E-01,6.00E-01,8.66E-01,9.88E-01,1.02E+00,1.03E+00,1.00E+00
H396R,228.5,3.11E+04,1.07E+05,1.38E+05,1.78E+05,2.26E+05,2.42E+05,2.03E+05,2.38E+05,2.45E+05,3.30E+05,6.92E-04,9.42E-02,3.24E-01,4.18E-01,5.39E-01,6.85E-01,7.33E-01,6.15E-01,7.21E-01,7.42E-01,1.00E+00
H396R,526.9,3.64E+04,8.45E+04,1.08E+05,1.75E+05,2.30E+05,2.43E+05,2.32E+05,2.94E+05,2.48E+05,2.68E+05,1.97E-03,1.36E-01,3.15E-01,4.03E-01,6.53E-01,8.58E-01,9.07E-01,8.66E-01,1.10E+00,9.25E-01,1.00E+00
F317L,61.73,680.7,1088,9706,1.11E+05,2.33E+05,3.77E+05,3.01E+05,4.30E+05,4.54E+05,4.06E+05,1.52E-04,1.68E-03,2.68E-03,2.39E-02,2.73E-01,5.74E-01,9.29E-01,7.41E-01,1.06E+00,1.12E+00,1.00E+00
F317L,19.6,442,1069,6875,1.22E+05,2.93E+05,3.92E+05,4.41E+05,5.17E+05,4.77E+05,4.53E+05,4.33E-05,9.76E-04,2.36E-03,1.52E-02,2.69E-01,6.47E-01,8.65E-01,9.74E-01,1.14E+00,1.05E+00,1.00E+00
F317L,91.4,1011,2023,1.55E+04,1.25E+05,2.06E+05,3.09E+05,2.88E+05,3.27E+05,2.96E+05,3.02E+05,3.03E-04,3.35E-03,6.70E-03,5.13E-02,4.14E-01,6.82E-01,1.02E+00,9.54E-01,1.08E+00,9.80E-01,1.00E+00
F317L,39.86,994.7,1450,1.40E+04,1.05E+05,2.22E+05,2.22E+05,2.44E+05,2.57E+05,2.87E+05,2.85E+05,1.40E-04,3.49E-03,5.09E-03,4.91E-02,3.68E-01,7.79E-01,7.79E-01,8.56E-01,9.02E-01,1.01E+00,1.00E+00
F317L,71.93,807,1589,1.25E+04,1.27E+05,3.55E+05,4.17E+05,4.46E+05,5.05E+05,4.93E+05,4.03E+05,1.78E-04,2.00E-03,3.94E-03,3.10E-02,3.15E-01,8.81E-01,1.03E+00,1.11E+00,1.25E+00,1.22E+00,1.00E+00
F317L,121.6,4182,2380,1.70E+04,1.41E+05,2.12E+05,3.67E+05,4.52E+05,5.18E+05,5.17E+05,3.82E+05,3.18E-04,1.09E-02,6.23E-03,4.45E-02,3.69E-01,5.55E-01,9.61E-01,1.18E+00,1.36E+00,1.35E+00,1.00E+00
F359I,135.9,1333,2871,1.54E+04,1.52E+05,2.64E+05,3.41E+05,3.97E+05,5.43E+05,3.55E+05,3.40E+05,4.00E-04,3.92E-03,8.44E-03,4.53E-02,4.47E-01,7.76E-01,1.00E+00,1.17E+00,1.60E+00,1.04E+00,1.00E+00
F359I,159.8,672.5,1135,1.45E+04,1.24E+05,2.57E+05,3.48E+05,3.22E+05,3.43E+05,3.55E+05,3.81E+05,4.19E-04,1.77E-03,2.98E-03,3.81E-02,3.25E-01,6.75E-01,9.13E-01,8.45E-01,9.00E-01,9.32E-01,1.00E+00
F359I,114.6,884,1067,7946,7.93E+04,1.67E+05,2.56E+05,2.37E+05,2.74E+05,2.72E+05,3.46E+05,3.31E-04,2.55E-03,3.08E-03,2.30E-02,2.29E-01,4.83E-01,7.40E-01,6.85E-01,7.92E-01,7.86E-01,1.00E+00
F359I,142.9,929.5,1730,1.17E+04,9.89E+04,1.98E+05,2.13E+05,2.32E+05,3.24E+05,2.99E+05,3.18E+05,4.49E-04,2.92E-03,5.44E-03,3.68E-02,3.11E-01,6.23E-01,6.70E-01,7.30E-01,1.02E+00,9.40E-01,1.00E+00
F359I,88.48,611.7,1865,7855,7.72E+04,2.17E+05,3.16E+05,4.37E+05,5.01E+05,5.06E+05,4.66E+05,1.90E-04,1.31E-03,4.00E-03,1.69E-02,1.66E-01,4.66E-01,6.78E-01,9.38E-01,1.08E+00,1.09E+00,1.00E+00
F359I,151.7,861,3194,1.17E+04,8.90E+04,1.93E+05,3.25E+05,3.88E+05,4.09E+05,5.46E+05,4.29E+05,3.54E-04,2.01E-03,7.45E-03,2.73E-02,2.07E-01,4.50E-01,7.58E-01,9.04E-01,9.53E-01,1.27E+00,1.00E+00
E459K,114.1,2200,4281,2489,2.09E+04,2.32E+05,2.68E+05,2.69E+05,2.84E+05,3.00E+05,3.76E+05,3.03E-04,5.85E-03,1.14E-02,6.62E-03,5.56E-02,6.17E-01,7.13E-01,7.15E-01,7.55E-01,7.98E-01,1.00E+00
E459K,87.39,1397,2395,4779,1.72E+04,1.76E+05,2.39E+05,3.05E+05,2.34E+05,1.91E+05,3.60E+05,2.43E-04,3.88E-03,6.65E-03,1.33E-02,4.78E-02,4.89E-01,6.64E-01,8.47E-01,6.50E-01,5.31E-01,1.00E+00
E459K,93.31,1387,1571,3668,3.45E+04,1.57E+05,2.09E+05,2.54E+05,3.05E+05,3.10E+05,2.24E+05,4.17E-04,6.19E-03,7.01E-03,1.64E-02,1.54E-01,7.01E-01,9.33E-01,1.13E+00,1.36E+00,1.38E+00,1.00E+00
E459K,2073,2224,2263,2643,2.44E+04,1.71E+05,1.80E+05,2.90E+05,2.62E+05,2.06E+05,1.97E+05,1.05E-02,1.13E-02,1.15E-02,1.34E-02,1.24E-01,8.68E-01,9.14E-01,1.47E+00,1.33E+00,1.05E+00,1.00E+00
E459K,0,1166,3036,4694,4.00E+04,1.56E+05,2.62E+05,3.65E+05,4.19E+05,3.66E+05,3.73E+05,0.00E+00,3.13E-03,8.14E-03,1.26E-02,1.07E-01,4.18E-01,7.02E-01,9.79E-01,1.12E+00,9.81E-01,1.00E+00
E459K,112,1117,3202,3462,2.44E+04,2.00E+05,2.65E+05,3.28E+05,3.46E+05,3.97E+05,3.21E+05,3.49E-04,3.48E-03,9.98E-03,1.08E-02,7.60E-02,6.23E-01,8.26E-01,1.02E+00,1.08E+00,1.24E+00,1.00E+00
G250E,186.9,2998,1.21E+04,5.87E+04,1.25E+05,1.80E+05,2.22E+05,1.48E+05,2.00E+05,1.35E+05,2.08E+05,8.99E-04,1.44E-02,5.82E-02,2.82E-01,6.01E-01,8.65E-01,1.07E+00,7.12E-01,9.62E-01,6.49E-01,1.00E+00
G250E,13.92,1780,1.16E+04,4.17E+04,9.05E+04,1.67E+05,2.21E+05,1.75E+05,1.91E+05,1.96E+05,1.55E+05,8.98E-05,1.15E-02,7.48E-02,2.69E-01,5.84E-01,1.08E+00,1.43E+00,1.13E+00,1.23E+00,1.26E+00,1.00E+00
G250E,1464,4.03E+04,1.03E+05,1.57E+05,1.85E+05,2.94E+05,2.29E+05,1.98E+05,2.71E+05,2.42E+05,3.35E+05,4.37E-03,1.20E-01,3.07E-01,4.69E-01,5.52E-01,8.78E-01,6.84E-01,5.91E-01,8.09E-01,7.22E-01,1.00E+00
G250E,689.6,3.39E+04,1.25E+05,1.52E+05,1.48E+05,2.65E+05,2.02E+05,2.52E+05,2.11E+05,2.62E+05,3.09E+05,2.23E-03,1.10E-01,4.05E-01,4.92E-01,4.79E-01,8.58E-01,6.54E-01,8.16E-01,6.83E-01,8.48E-01,1.00E+00
G250E,426.2,1.06E+04,6.37E+04,5.78E+04,6.68E+04,9.59E+04,6.30E+04,8.86E+04,1.13E+05,9.59E+04,8.11E+04,5.26E-03,1.31E-01,7.85E-01,7.13E-01,8.24E-01,1.18E+00,7.77E-01,1.09E+00,1.39E+00,1.18E+00,1.00E+00
G250E,782.2,1.01E+04,3.50E+04,5.62E+04,6.29E+04,1.02E+05,6.63E+04,8.93E+04,1.04E+05,1.03E+05,9.05E+04,8.64E-03,1.12E-01,3.87E-01,6.21E-01,6.95E-01,1.13E+00,7.33E-01,9.87E-01,1.15E+00,1.14E+00,1.00E+00
G250E,492.8,1.90E+04,7.95E+04,1.28E+05,1.78E+05,2.17E+05,2.41E+05,2.24E+05,2.00E+05,2.30E+05,2.12E+05,2.32E-03,8.96E-02,3.75E-01,6.04E-01,8.40E-01,1.02E+00,1.14E+00,1.06E+00,9.43E-01,1.08E+00,1.00E+00
G250E,1139,2.21E+04,1.07E+05,1.57E+05,2.21E+05,2.29E+05,2.98E+05,2.35E+05,2.24E+05,2.29E+05,2.29E+05,4.97E-03,9.65E-02,4.67E-01,6.86E-01,9.65E-01,1.00E+00,1.30E+00,1.03E+00,9.78E-01,1.00E+00,1.00E+00
F359C,100.9,417.3,1224,6.55E+04,2.98E+05,4.16E+05,4.64E+05,4.44E+05,2.96E+05,3.94E+05,4.47E+05,2.26E-04,9.34E-04,2.74E-03,1.47E-01,6.67E-01,9.31E-01,1.04E+00,9.93E-01,6.62E-01,8.81E-01,1.00E+00
F359C,63.44,264,1006,4.82E+04,2.80E+05,4.42E+05,5.20E+05,4.93E+05,4.04E+05,3.36E+05,3.77E+05,1.68E-04,7.00E-04,2.67E-03,1.28E-01,7.43E-01,1.17E+00,1.38E+00,1.31E+00,1.07E+00,8.91E-01,1.00E+00
F359C,137,364.4,1313,4.40E+04,1.89E+05,1.96E+05,3.65E+05,3.80E+05,4.27E+05,3.68E+05,2.73E+05,5.02E-04,1.33E-03,4.81E-03,1.61E-01,6.92E-01,7.18E-01,1.34E+00,1.39E+00,1.56E+00,1.35E+00,1.00E+00
F359C,67.62,501.7,933.3,2.88E+04,1.32E+05,2.38E+05,2.61E+05,3.78E+05,4.20E+05,3.19E+05,2.80E+05,2.42E-04,1.79E-03,3.33E-03,1.03E-01,4.71E-01,8.50E-01,9.32E-01,1.35E+00,1.50E+00,1.14E+00,1.00E+00
F359C,163.7,1084,5604,1.15E+05,3.42E+05,4.70E+05,4.35E+05,4.90E+05,5.35E+05,4.96E+05,4.25E+05,3.85E-04,2.55E-03,1.32E-02,2.71E-01,8.05E-01,1.11E+00,1.02E+00,1.15E+00,1.26E+00,1.17E+00,1.00E+00
F359C,5.183,639.8,3479,9.97E+04,2.96E+05,4.29E+05,3.71E+05,4.88E+05,5.22E+05,5.24E+05,4.72E+05,1.10E-05,1.36E-03,7.37E-03,2.11E-01,6.27E-01,9.09E-01,7.86E-01,1.03E+00,1.11E+00,1.11E+00,1.00E+00
F359V,171,718.3,1215,8841,1.45E+05,2.79E+05,3.77E+05,4.47E+05,3.07E+05,4.27E+05,2.79E+05,6.13E-04,2.57E-03,4.35E-03,3.17E-02,5.20E-01,1.00E+00,1.35E+00,1.60E+00,1.10E+00,1.53E+00,1.00E+00
F359V,13.73,610.2,1641,9374,1.30E+05,3.13E+05,3.67E+05,3.34E+05,2.40E+05,2.59E+05,2.50E+05,5.49E-05,2.44E-03,6.56E-03,3.75E-02,5.20E-01,1.25E+00,1.47E+00,1.34E+00,9.60E-01,1.04E+00,1.00E+00
F359V,102.2,834.1,975.7,7111,1.10E+05,1.80E+05,3.38E+05,2.76E+05,3.25E+05,3.88E+05,3.28E+05,3.12E-04,2.54E-03,2.97E-03,2.17E-02,3.35E-01,5.49E-01,1.03E+00,8.41E-01,9.91E-01,1.18E+00,1.00E+00
F359V,212.8,955.1,1776,9962,9.78E+04,1.93E+05,2.10E+05,1.88E+05,4.19E+05,2.46E+05,2.50E+05,8.51E-04,3.82E-03,7.10E-03,3.98E-02,3.91E-01,7.72E-01,8.40E-01,7.52E-01,1.68E+00,9.84E-01,1.00E+00
F359V,118.3,841.5,2605,1.55E+04,1.22E+05,2.75E+05,3.52E+05,4.73E+05,5.46E+05,5.53E+05,4.80E+05,2.46E-04,1.75E-03,5.43E-03,3.23E-02,2.54E-01,5.73E-01,7.33E-01,9.85E-01,1.14E+00,1.15E+00,1.00E+00
F359V,32.57,9992,1794,2.38E+04,1.46E+05,3.53E+05,4.08E+05,4.56E+05,5.05E+05,5.49E+05,3.92E+05,8.31E-05,2.55E-02,4.58E-03,6.07E-02,3.72E-01,9.01E-01,1.04E+00,1.16E+00,1.29E+00,1.40E+00,1.00E+00
M351T,14.34,674.6,4307,2.00E+04,1.08E+05,2.62E+05,2.93E+05,2.22E+05,2.13E+05,2.15E+05,3.03E+05,4.73E-05,2.23E-03,1.42E-02,6.60E-02,3.56E-01,8.65E-01,9.67E-01,7.33E-01,7.03E-01,7.10E-01,1.00E+00
M351T,0,737.3,1505,6862,1.16E+05,2.32E+05,1.97E+05,2.21E+05,2.13E+05,1.75E+05,3.00E+05,0.00E+00,2.46E-03,5.02E-03,2.29E-02,3.87E-01,7.73E-01,6.57E-01,7.37E-01,7.10E-01,5.83E-01,1.00E+00
M351T,160.5,519.7,1309,1.44E+04,9.07E+04,1.53E+05,1.91E+05,2.67E+05,2.13E+05,2.03E+05,1.73E+05,9.28E-04,3.00E-03,7.57E-03,8.32E-02,5.24E-01,8.84E-01,1.10E+00,1.54E+00,1.23E+00,1.17E+00,1.00E+00
M351T,78.13,651,2216,1.13E+04,1.00E+05,1.80E+05,1.70E+05,2.76E+05,2.14E+05,1.84E+05,2.71E+05,2.88E-04,2.40E-03,8.18E-03,4.17E-02,3.69E-01,6.64E-01,6.27E-01,1.02E+00,7.90E-01,6.79E-01,1.00E+00
M351T,141.4,555,2233,1.17E+04,1.15E+05,3.24E+05,3.73E+05,3.34E+05,3.47E+05,3.86E+05,3.61E+05,3.92E-04,1.54E-03,6.19E-03,3.24E-02,3.19E-01,8.98E-01,1.03E+00,9.25E-01,9.61E-01,1.07E+00,1.00E+00
M351T,101.7,762.3,3952,8917,1.25E+05,3.18E+05,4.09E+05,4.06E+05,3.15E+05,3.56E+05,3.88E+05,2.62E-04,1.96E-03,1.02E-02,2.30E-02,3.22E-01,8.20E-01,1.05E+00,1.05E+00,8.12E-01,9.18E-01,1.00E+00
L248V,120,1243,4857,1.35E+05,2.86E+05,3.54E+05,4.47E+05,4.09E+05,4.09E+05,3.71E+05,3.44E+05,3.49E-04,3.61E-03,1.41E-02,3.92E-01,8.31E-01,1.03E+00,1.30E+00,1.19E+00,1.19E+00,1.08E+00,1.00E+00
L248V,123.5,1183,5523,1.38E+05,2.82E+05,3.18E+05,2.60E+05,3.16E+05,2.53E+05,3.65E+05,3.58E+05,3.45E-04,3.30E-03,1.54E-02,3.85E-01,7.88E-01,8.88E-01,7.26E-01,8.83E-01,7.07E-01,1.02E+00,1.00E+00
L248V,115.6,1620,9120,8.61E+04,2.38E+05,2.65E+05,4.27E+05,2.77E+05,3.15E+05,3.74E+05,3.75E+05,3.08E-04,4.32E-03,2.43E-02,2.30E-01,6.35E-01,7.07E-01,1.14E+00,7.39E-01,8.40E-01,9.97E-01,1.00E+00
L248V,220,1530,8628,1.02E+05,1.89E+05,2.71E+05,3.15E+05,2.62E+05,3.20E+05,2.54E+05,3.09E+05,7.12E-04,4.95E-03,2.79E-02,3.30E-01,6.12E-01,8.77E-01,1.02E+00,8.48E-01,1.04E+00,8.22E-01,1.00E+00
L248V,108.9,3502,9382,5.49E+04,1.88E+05,2.49E+05,4.60E+05,3.50E+05,4.98E+05,5.16E+05,4.61E+05,2.36E-04,7.60E-03,2.04E-02,1.19E-01,4.08E-01,5.40E-01,9.98E-01,7.59E-01,1.08E+00,1.12E+00,1.00E+00
L248V,142.9,1590,5254,5.52E+04,2.40E+05,3.84E+05,3.30E+05,5.12E+05,4.99E+05,4.63E+05,3.73E+05,3.83E-04,4.26E-03,1.41E-02,1.48E-01,6.43E-01,1.03E+00,8.85E-01,1.37E+00,1.34E+00,1.24E+00,1.00E+00
E355G(minipre plasmid),16.42,1798,6744,1.60E+04,7.27E+04,1.61E+05,1.85E+05,1.89E+05,1.88E+05,1.93E+05,2.23E+05,7.36E-05,8.06E-03,3.02E-02,7.17E-02,3.26E-01,7.22E-01,8.30E-01,8.48E-01,8.43E-01,8.65E-01,1.00E+00
E355G(minipre plasmid),15.63,687.4,4355,1.43E+04,5.44E+04,1.66E+05,1.77E+05,2.10E+05,2.21E+05,2.09E+05,2.08E+05,7.51E-05,3.30E-03,2.09E-02,6.88E-02,2.62E-01,7.98E-01,8.51E-01,1.01E+00,1.06E+00,1.00E+00,1.00E+00
E355G(minipre plasmid),69.71,2206,1.40E+04,3.00E+04,1.12E+05,3.04E+05,3.66E+05,4.70E+05,4.21E+05,4.00E+05,4.47E+05,1.56E-04,4.94E-03,3.13E-02,6.71E-02,2.51E-01,6.80E-01,8.19E-01,1.05E+00,9.42E-01,8.95E-01,1.00E+00
E355G(minipre plasmid),135.2,1900,1.29E+04,2.73E+04,1.68E+05,2.61E+05,3.22E+05,3.05E+05,4.13E+05,3.99E+05,4.83E+05,2.80E-04,3.93E-03,2.67E-02,5.65E-02,3.48E-01,5.40E-01,6.67E-01,6.31E-01,8.55E-01,8.26E-01,1.00E+00
E355G(minipre plasmid),34.08,1060,1.30E+04,3.01E+04,1.09E+05,1.59E+05,1.94E+05,2.16E+05,2.63E+05,2.77E+05,3.13E+05,1.09E-04,3.39E-03,4.15E-02,9.62E-02,3.48E-01,5.08E-01,6.20E-01,6.90E-01,8.40E-01,8.85E-01,1.00E+00
E355G(minipre plasmid),76.67,1580,1.51E+04,3.67E+04,9.10E+04,1.88E+05,2.47E+05,2.27E+05,2.61E+05,2.64E+05,2.69E+05,2.85E-04,5.87E-03,5.61E-02,1.36E-01,3.38E-01,6.99E-01,9.18E-01,8.44E-01,9.70E-01,9.81E-01,1.00E+00
E355G(maxipre plasmid),85.16,1298,5860,1.44E+04,6.70E+04,1.71E+05,2.52E+05,2.73E+05,3.29E+05,2.33E+05,2.36E+05,3.61E-04,5.50E-03,2.48E-02,6.10E-02,2.84E-01,7.25E-01,1.07E+00,1.16E+00,1.39E+00,9.87E-01,1.00E+00
E355G(maxipre plasmid),21.42,514.2,6945,1.47E+04,5.68E+04,1.48E+05,1.89E+05,2.62E+05,2.11E+05,2.65E+05,2.23E+05,9.61E-05,2.31E-03,3.11E-02,6.59E-02,2.55E-01,6.64E-01,8.48E-01,1.17E+00,9.46E-01,1.19E+00,1.00E+00
E355G(maxipre plasmid),185.7,3003,1.80E+04,4.16E+04,1.45E+05,3.22E+05,3.57E+05,4.05E+05,4.37E+05,4.13E+05,4.66E+05,3.98E-04,6.44E-03,3.86E-02,8.93E-02,3.11E-01,6.91E-01,7.66E-01,8.69E-01,9.38E-01,8.86E-01,1.00E+00
E355G(maxipre plasmid),97.5,2339,1.72E+04,3.65E+04,1.66E+05,3.05E+05,3.17E+05,3.72E+05,3.65E+05,3.31E+05,4.06E+05,2.40E-04,5.76E-03,4.24E-02,8.99E-02,4.09E-01,7.51E-01,7.81E-01,9.16E-01,8.99E-01,8.15E-01,1.00E+00
E355G(maxipre plasmid),148.7,1314,1.33E+04,2.43E+04,9.26E+04,1.73E+05,2.15E+05,2.24E+05,2.44E+05,2.32E+05,2.48E+05,6.00E-04,5.30E-03,5.36E-02,9.80E-02,3.73E-01,6.98E-01,8.67E-01,9.03E-01,9.84E-01,9.35E-01,1.00E+00
E355G(maxipre plasmid),83.91,833.1,1.04E+04,1.91E+04,1.01E+05,1.90E+05,1.80E+05,2.25E+05,2.24E+05,1.98E+05,2.27E+05,3.70E-04,3.67E-03,4.58E-02,8.41E-02,4.45E-01,8.37E-01,7.93E-01,9.91E-01,9.87E-01,8.72E-01,1.00E+00
Q252H(minipre plasmid),77.16,338.7,7548,4.48E+04,1.13E+05,1.78E+05,1.81E+05,1.82E+05,1.99E+05,1.73E+05,1.75E+05,4.41E-04,1.94E-03,4.31E-02,2.56E-01,6.46E-01,1.02E+00,1.03E+00,1.04E+00,1.14E+00,9.89E-01,1.00E+00
Q252H(minipre plasmid),100.1,480.1,4218,4.03E+04,1.18E+05,1.73E+05,2.42E+05,2.13E+05,2.08E+05,1.89E+05,2.08E+05,4.81E-04,2.31E-03,2.03E-02,1.94E-01,5.67E-01,8.32E-01,1.16E+00,1.02E+00,1.00E+00,9.09E-01,1.00E+00
Q252H(minipre plasmid),204.5,1097,3.15E+04,1.42E+05,3.55E+05,4.48E+05,3.50E+05,4.21E+05,4.47E+05,4.47E+05,4.10E+05,4.99E-04,2.68E-03,7.68E-02,3.46E-01,8.66E-01,1.09E+00,8.54E-01,1.03E+00,1.09E+00,1.09E+00,1.00E+00
Q252H(minipre plasmid),305.1,2488,2.92E+04,1.52E+05,3.38E+05,3.19E+05,3.67E+05,3.64E+05,3.69E+05,3.65E+05,4.80E+05,6.36E-04,5.18E-03,6.08E-02,3.17E-01,7.04E-01,6.65E-01,7.65E-01,7.58E-01,7.69E-01,7.60E-01,1.00E+00
Q252H(minipre plasmid),396.1,1438,2.18E+04,1.18E+05,1.91E+05,2.10E+05,2.52E+05,2.20E+05,2.47E+05,2.75E+05,2.60E+05,1.52E-03,5.53E-03,8.38E-02,4.54E-01,7.35E-01,8.08E-01,9.69E-01,8.46E-01,9.50E-01,1.06E+00,1.00E+00
Q252H(minipre plasmid),453.7,1844,2.88E+04,1.49E+05,2.03E+05,2.47E+05,3.11E+05,2.49E+05,2.37E+05,2.85E+05,3.09E+05,1.47E-03,5.97E-03,9.32E-02,4.82E-01,6.57E-01,7.99E-01,1.01E+00,8.06E-01,7.67E-01,9.22E-01,1.00E+00
Q252H(maxipre plasmid),28.44,1038,1.13E+04,6.89E+04,1.64E+05,2.63E+05,3.42E+05,3.35E+05,3.13E+05,2.55E+05,2.81E+05,1.01E-04,3.69E-03,4.02E-02,2.45E-01,5.84E-01,9.36E-01,1.22E+00,1.19E+00,1.11E+00,9.07E-01,1.00E+00
Q252H(maxipre plasmid),39.68,417.1,1.17E+04,6.15E+04,1.49E+05,2.76E+05,3.03E+05,2.82E+05,3.09E+05,3.03E+05,3.37E+05,1.18E-04,1.24E-03,3.47E-02,1.82E-01,4.42E-01,8.19E-01,8.99E-01,8.37E-01,9.17E-01,8.99E-01,1.00E+00
Q252H(maxipre plasmid),492.5,9853,5.13E+04,2.05E+05,3.71E+05,4.32E+05,5.38E+05,4.99E+05,4.87E+05,5.57E+05,4.37E+05,1.13E-03,2.25E-02,1.17E-01,4.69E-01,8.49E-01,9.89E-01,1.23E+00,1.14E+00,1.11E+00,1.27E+00,1.00E+00
Q252H(maxipre plasmid),238.6,2233,4.12E+04,1.73E+05,3.49E+05,4.59E+05,3.92E+05,3.80E+05,4.17E+05,4.01E+05,3.66E+05,6.52E-04,6.10E-03,1.13E-01,4.73E-01,9.54E-01,1.25E+00,1.07E+00,1.04E+00,1.14E+00,1.10E+00,1.00E+00
Q252H(maxipre plasmid),315.3,1784,2.39E+04,1.15E+05,2.27E+05,2.58E+05,2.65E+05,2.65E+05,2.45E+05,2.20E+05,2.92E+05,1.08E-03,6.11E-03,8.18E-02,3.94E-01,7.77E-01,8.84E-01,9.08E-01,9.08E-01,8.39E-01,7.53E-01,1.00E+00
Q252H(maxipre plasmid),143.2,1138,1.23E+04,8.38E+04,1.88E+05,2.68E+05,2.50E+05,2.39E+05,2.74E+05,2.09E+05,2.00E+05,7.16E-04,5.69E-03,6.15E-02,4.19E-01,9.40E-01,1.34E+00,1.25E+00,1.20E+00,1.37E+00,1.05E+00,1.00E+00
Y253F,87.77,2398,2.68E+04,8.23E+04,1.46E+05,1.77E+05,2.05E+05,1.63E+05,1.68E+05,1.63E+05,1.88E+05,4.67E-04,1.28E-02,1.43E-01,4.38E-01,7.77E-01,9.41E-01,1.09E+00,8.67E-01,8.94E-01,8.67E-01,1.00E+00
Y253F,31.16,1908,2.53E+04,7.80E+04,1.57E+05,1.84E+05,1.64E+05,1.70E+05,1.71E+05,1.62E+05,1.78E+05,1.75E-04,1.07E-02,1.42E-01,4.38E-01,8.82E-01,1.03E+00,9.21E-01,9.55E-01,9.61E-01,9.10E-01,1.00E+00
Y253F,180.2,5995,4.43E+04,1.64E+05,2.85E+05,2.98E+05,2.63E+05,2.58E+05,3.30E+05,3.31E+05,3.91E+05,4.61E-04,1.53E-02,1.13E-01,4.19E-01,7.29E-01,7.62E-01,6.73E-01,6.60E-01,8.44E-01,8.47E-01,1.00E+00
Y253F,137.2,9047,6.57E+04,1.86E+05,2.63E+05,2.97E+05,2.68E+05,4.11E+05,3.80E+05,3.82E+05,3.71E+05,3.70E-04,2.44E-02,1.77E-01,5.01E-01,7.09E-01,8.01E-01,7.22E-01,1.11E+00,1.02E+00,1.03E+00,1.00E+00
Y253F,378.6,6750,4.49E+04,1.40E+05,1.75E+05,2.69E+05,1.77E+05,1.51E+05,1.76E+05,1.67E+05,2.32E+05,1.63E-03,2.91E-02,1.94E-01,6.03E-01,7.54E-01,1.16E+00,7.63E-01,6.51E-01,7.59E-01,7.20E-01,1.00E+00
Y253F,372.2,7294,4.46E+04,1.50E+05,1.63E+05,2.22E+05,2.23E+05,1.69E+05,1.99E+05,1.61E+05,2.58E+05,1.44E-03,2.83E-02,1.73E-01,5.81E-01,6.32E-01,8.60E-01,8.64E-01,6.55E-01,7.71E-01,6.24E-01,1.00E+00
F486S(minipre plasmid),2.778,94.55,7880,7.64E+04,1.33E+05,1.54E+05,1.83E+05,1.64E+05,1.95E+05,1.73E+05,1.65E+05,1.68E-05,5.73E-04,4.78E-02,4.63E-01,8.06E-01,9.33E-01,1.11E+00,9.94E-01,1.18E+00,1.05E+00,1.00E+00
F486S(minipre plasmid),0,181.7,5835,8.80E+04,1.35E+05,1.97E+05,1.63E+05,1.84E+05,2.04E+05,1.85E+05,1.96E+05,0.00E+00,9.27E-04,2.98E-02,4.49E-01,6.89E-01,1.01E+00,8.32E-01,9.39E-01,1.04E+00,9.44E-01,1.00E+00
F486S(minipre plasmid),220.8,1309,4.27E+04,2.62E+05,3.43E+05,4.01E+05,3.93E+05,3.85E+05,3.38E+05,4.39E+05,4.06E+05,5.44E-04,3.22E-03,1.05E-01,6.45E-01,8.45E-01,9.88E-01,9.68E-01,9.48E-01,8.33E-01,1.08E+00,1.00E+00
F486S(minipre plasmid),400.4,2801,4.57E+04,1.61E+05,2.81E+05,2.99E+05,4.08E+05,3.58E+05,3.29E+05,4.19E+05,4.42E+05,9.06E-04,6.34E-03,1.03E-01,3.64E-01,6.36E-01,6.76E-01,9.23E-01,8.10E-01,7.44E-01,9.48E-01,1.00E+00
F486S(minipre plasmid),199.1,1804,7.71E+04,1.89E+05,2.85E+05,2.37E+05,2.31E+05,2.38E+05,2.61E+05,2.31E+05,2.93E+05,6.80E-04,6.16E-03,2.63E-01,6.45E-01,9.73E-01,8.09E-01,7.88E-01,8.12E-01,8.91E-01,7.88E-01,1.00E+00
F486S(minipre plasmid),236.2,2857,1.00E+05,2.46E+05,3.40E+05,3.18E+05,2.30E+05,2.33E+05,2.12E+05,2.16E+05,3.04E+05,7.77E-04,9.40E-03,3.29E-01,8.09E-01,1.12E+00,1.05E+00,7.57E-01,7.66E-01,6.97E-01,7.11E-01,1.00E+00
F486S(maxipre plasmid),149.3,391.9,1.46E+04,9.86E+04,1.60E+05,1.85E+05,1.89E+05,1.86E+05,1.76E+05,1.55E+05,1.80E+05,8.29E-04,2.18E-03,8.11E-02,5.48E-01,8.89E-01,1.03E+00,1.05E+00,1.03E+00,9.78E-01,8.61E-01,1.00E+00
F486S(maxipre plasmid),130.9,307,1.53E+04,8.25E+04,1.34E+05,1.46E+05,1.57E+05,1.64E+05,1.69E+05,1.63E+05,1.72E+05,7.61E-04,1.78E-03,8.90E-02,4.80E-01,7.79E-01,8.49E-01,9.13E-01,9.53E-01,9.83E-01,9.48E-01,1.00E+00
F486S(maxipre plasmid),134.2,2884,5.34E+04,1.62E+05,2.64E+05,2.83E+05,2.80E+05,2.69E+05,2.71E+05,2.65E+05,3.00E+05,4.47E-04,9.61E-03,1.78E-01,5.40E-01,8.80E-01,9.43E-01,9.33E-01,8.97E-01,9.03E-01,8.83E-01,1.00E+00
F486S(maxipre plasmid),108.6,1195,4.85E+04,2.05E+05,2.51E+05,2.67E+05,2.51E+05,2.20E+05,2.46E+05,2.96E+05,2.52E+05,4.31E-04,4.74E-03,1.92E-01,8.13E-01,9.96E-01,1.06E+00,9.96E-01,8.73E-01,9.76E-01,1.17E+00,1.00E+00
F486S(maxipre plasmid),120.6,1707,4.19E+04,1.13E+05,1.39E+05,1.72E+05,1.50E+05,1.30E+05,1.12E+05,1.13E+05,1.49E+05,8.09E-04,1.15E-02,2.81E-01,7.58E-01,9.33E-01,1.15E+00,1.01E+00,8.72E-01,7.52E-01,7.58E-01,1.00E+00
F486S(maxipre plasmid),16.94,536.5,2.61E+04,1.22E+05,1.55E+05,1.57E+05,1.45E+05,1.23E+05,1.23E+05,1.13E+05,1.44E+05,1.18E-04,3.73E-03,1.81E-01,8.47E-01,1.08E+00,1.09E+00,1.01E+00,8.54E-01,8.54E-01,7.85E-01,1.00E+00
H396P(minipre plasmid),13.94,456,2.59E+04,1.18E+05,1.79E+05,2.70E+05,2.45E+05,2.40E+05,2.23E+05,1.95E+05,2.64E+05,5.28E-05,1.73E-03,9.81E-02,4.47E-01,6.78E-01,1.02E+00,9.28E-01,9.09E-01,8.45E-01,7.39E-01,1.00E+00
H396P(minipre plasmid),0,289.3,2.84E+04,1.36E+05,1.99E+05,2.79E+05,2.39E+05,2.29E+05,2.08E+05,1.95E+05,2.27E+05,0.00E+00,1.27E-03,1.25E-01,5.99E-01,8.77E-01,1.23E+00,1.05E+00,1.01E+00,9.16E-01,8.59E-01,1.00E+00
H396P(minipre plasmid),204,2981,1.13E+05,2.82E+05,3.66E+05,4.10E+05,4.71E+05,4.96E+05,5.21E+05,4.35E+05,4.74E+05,4.30E-04,6.29E-03,2.38E-01,5.95E-01,7.72E-01,8.65E-01,9.94E-01,1.05E+00,1.10E+00,9.18E-01,1.00E+00
H396P(minipre plasmid),158.6,1646,1.21E+05,3.00E+05,3.84E+05,4.08E+05,4.52E+05,4.38E+05,4.59E+05,4.52E+05,4.47E+05,3.55E-04,3.68E-03,2.71E-01,6.71E-01,8.59E-01,9.13E-01,1.01E+00,9.80E-01,1.03E+00,1.01E+00,1.00E+00
H396P(minipre plasmid),153.9,1883,1.15E+05,2.11E+05,3.08E+05,2.41E+05,2.66E+05,2.10E+05,2.03E+05,2.36E+05,2.52E+05,6.11E-04,7.47E-03,4.56E-01,8.37E-01,1.22E+00,9.56E-01,1.06E+00,8.33E-01,8.06E-01,9.37E-01,1.00E+00
H396P(minipre plasmid),116.5,1105,1.17E+05,2.44E+05,2.83E+05,2.49E+05,3.21E+05,2.29E+05,2.83E+05,2.06E+05,2.15E+05,5.42E-04,5.14E-03,5.44E-01,1.13E+00,1.32E+00,1.16E+00,1.49E+00,1.07E+00,1.32E+00,9.58E-01,1.00E+00
H396P(maxipre plasmid),151.5,704.7,3.98E+04,1.16E+05,1.78E+05,1.82E+05,1.81E+05,1.86E+05,1.76E+05,1.91E+05,1.84E+05,8.23E-04,3.83E-03,2.16E-01,6.30E-01,9.67E-01,9.89E-01,9.84E-01,1.01E+00,9.57E-01,1.04E+00,1.00E+00
H396P(maxipre plasmid),158.7,654.9,4.10E+04,1.16E+05,1.87E+05,2.01E+05,2.56E+05,2.01E+05,2.25E+05,1.77E+05,1.92E+05,8.27E-04,3.41E-03,2.14E-01,6.04E-01,9.74E-01,1.05E+00,1.33E+00,1.05E+00,1.17E+00,9.22E-01,1.00E+00
H396P(maxipre plasmid),283.4,6689,8.01E+04,2.76E+05,3.07E+05,3.10E+05,3.08E+05,2.80E+05,3.83E+05,3.42E+05,3.51E+05,8.07E-04,1.91E-02,2.28E-01,7.86E-01,8.75E-01,8.83E-01,8.77E-01,7.98E-01,1.09E+00,9.74E-01,1.00E+00
H396P(maxipre plasmid),274.5,6149,1.09E+05,1.71E+05,2.49E+05,2.89E+05,3.67E+05,3.93E+05,4.01E+05,3.02E+05,3.69E+05,7.44E-04,1.67E-02,2.95E-01,4.63E-01,6.75E-01,7.83E-01,9.95E-01,1.07E+00,1.09E+00,8.18E-01,1.00E+00
H396P(maxipre plasmid),124.6,1808,1.14E+05,2.01E+05,1.85E+05,2.29E+05,1.74E+05,2.08E+05,1.77E+05,1.75E+05,2.31E+05,5.39E-04,7.83E-03,4.94E-01,8.70E-01,8.01E-01,9.91E-01,7.53E-01,9.00E-01,7.66E-01,7.58E-01,1.00E+00
H396P(maxipre plasmid),42.63,2084,8.62E+04,1.84E+05,2.06E+05,2.09E+05,2.20E+05,1.94E+05,1.63E+05,1.52E+05,2.14E+05,1.99E-04,9.74E-03,4.03E-01,8.60E-01,9.63E-01,9.77E-01,1.03E+00,9.07E-01,7.62E-01,7.10E-01,1.00E+00
E255K,107.4,656.7,1.55E+04,2.21E+05,3.55E+05,3.43E+05,2.65E+05,4.62E+05,3.30E+05,3.47E+05,3.74E+05,2.87E-04,1.76E-03,4.14E-02,5.91E-01,9.49E-01,9.17E-01,7.09E-01,1.24E+00,8.82E-01,9.28E-01,1.00E+00
E255K,110.3,665.7,1.52E+04,1.68E+05,4.01E+05,4.22E+05,3.31E+05,3.93E+05,4.37E+05,4.28E+05,3.57E+05,3.09E-04,1.86E-03,4.26E-02,4.71E-01,1.12E+00,1.18E+00,9.27E-01,1.10E+00,1.22E+00,1.20E+00,1.00E+00
E255K,100.5,815,2.69E+04,2.45E+05,2.63E+05,3.45E+05,3.12E+05,3.86E+05,3.34E+05,3.73E+05,2.66E+05,3.78E-04,3.06E-03,1.01E-01,9.21E-01,9.89E-01,1.30E+00,1.17E+00,1.45E+00,1.26E+00,1.40E+00,1.00E+00
E255K,192.8,848.1,1.87E+04,1.69E+05,2.07E+05,2.91E+05,3.46E+05,3.49E+05,4.63E+05,4.16E+05,3.31E+05,5.82E-04,2.56E-03,5.65E-02,5.11E-01,6.25E-01,8.79E-01,1.05E+00,1.05E+00,1.40E+00,1.26E+00,1.00E+00
E255K,79.96,446,1.58E+04,1.55E+05,2.29E+05,3.90E+05,2.89E+05,4.59E+05,4.10E+05,3.51E+05,3.82E+05,2.09E-04,1.17E-03,4.14E-02,4.06E-01,5.99E-01,1.02E+00,7.57E-01,1.20E+00,1.07E+00,9.19E-01,1.00E+00
E255K,169.8,255.1,1.34E+04,9.24E+04,2.09E+05,2.38E+05,2.46E+05,4.17E+05,4.02E+05,3.61E+05,3.65E+05,4.65E-04,6.99E-04,3.67E-02,2.53E-01,5.73E-01,6.52E-01,6.74E-01,1.14E+00,1.10E+00,9.89E-01,1.00E+00
Y253H,822.6,1.36E+05,2.68E+05,2.35E+05,2.36E+05,1.93E+05,2.19E+05,3.17E+05,2.15E+05,1.80E+05,2.40E+05,3.43E-03,5.67E-01,1.12E+00,9.79E-01,9.83E-01,8.04E-01,9.13E-01,1.32E+00,8.96E-01,7.50E-01,1.00E+00
Y253H,892.9,9.90E+04,1.28E+05,1.56E+05,2.39E+05,1.90E+05,1.69E+05,1.78E+05,1.72E+05,1.29E+05,1.62E+05,5.51E-03,6.11E-01,7.90E-01,9.63E-01,1.48E+00,1.17E+00,1.04E+00,1.10E+00,1.06E+00,7.96E-01,1.00E+00
Y253H,1140,9.64E+04,2.04E+05,1.74E+05,1.95E+05,2.74E+05,2.41E+05,2.32E+05,2.31E+05,1.82E+05,2.63E+05,4.33E-03,3.67E-01,7.76E-01,6.62E-01,7.41E-01,1.04E+00,9.16E-01,8.82E-01,8.78E-01,6.92E-01,1.00E+00
Y253H,1262,9.15E+04,1.30E+05,2.23E+05,1.98E+05,2.91E+05,2.38E+05,2.01E+05,2.41E+05,2.14E+05,1.97E+05,6.41E-03,4.64E-01,6.60E-01,1.13E+00,1.01E+00,1.48E+00,1.21E+00,1.02E+00,1.22E+00,1.09E+00,1.00E+00
Y253H,1404,1.87E+05,1.88E+05,3.45E+05,2.96E+05,3.69E+05,3.60E+05,3.39E+05,4.38E+05,3.97E+05,3.87E+05,3.63E-03,4.83E-01,4.86E-01,8.91E-01,7.65E-01,9.53E-01,9.30E-01,8.76E-01,1.13E+00,1.03E+00,1.00E+00
Y253H,1567,1.32E+05,2.79E+05,3.69E+05,3.62E+05,3.53E+05,3.29E+05,3.20E+05,4.22E+05,3.85E+05,3.89E+05,4.03E-03,3.39E-01,7.17E-01,9.49E-01,9.31E-01,9.07E-01,8.46E-01,8.23E-01,1.08E+00,9.90E-01,1.00E+00
T315I,5617,3.40E+05,4.10E+05,4.20E+05,4.56E+05,4.33E+05,4.30E+05,4.52E+05,3.89E+05,3.98E+05,3.90E+05,1.44E-02,8.72E-01,1.05E+00,1.08E+00,1.17E+00,1.11E+00,1.10E+00,1.16E+00,9.97E-01,1.02E+00,1.00E+00
T315I,3767,3.93E+05,4.15E+05,4.51E+05,4.37E+05,4.55E+05,4.63E+05,4.62E+05,4.55E+05,4.06E+05,3.69E+05,1.02E-02,1.07E+00,1.12E+00,1.22E+00,1.18E+00,1.23E+00,1.25E+00,1.25E+00,1.23E+00,1.10E+00,1.00E+00
T315I,2303,1.05E+05,1.19E+05,1.36E+05,1.29E+05,1.32E+05,1.32E+05,1.60E+05,1.46E+05,1.66E+05,3.02E+05,7.63E-03,3.48E-01,3.94E-01,4.50E-01,4.27E-01,4.37E-01,4.37E-01,5.30E-01,4.83E-01,5.50E-01,1.00E+00
T315I,1197,1.00E+05,1.07E+05,1.14E+05,1.21E+05,1.24E+05,1.34E+05,1.27E+05,2.43E+05,2.75E+05,3.05E+05,3.92E-03,3.28E-01,3.51E-01,3.74E-01,3.97E-01,4.07E-01,4.39E-01,4.16E-01,7.97E-01,9.02E-01,1.00E+00
T315I,888.9,7.07E+04,6.95E+04,7.49E+04,6.90E+04,7.99E+04,9.06E+04,8.16E+04,6.54E+04,7.24E+04,1.21E+05,7.35E-03,5.84E-01,5.74E-01,6.19E-01,5.70E-01,6.60E-01,7.49E-01,6.74E-01,5.40E-01,5.98E-01,1.00E+00
T315I,1769,7.20E+04,8.35E+04,6.85E+04,7.45E+04,1.04E+05,8.91E+04,9.82E+04,6.97E+04,1.09E+05,1.12E+05,1.58E-02,6.43E-01,7.46E-01,6.12E-01,6.65E-01,9.29E-01,7.96E-01,8.77E-01,6.22E-01,9.73E-01,1.00E+00
T315I,4878,1.78E+05,2.28E+05,1.89E+05,2.11E+05,1.95E+05,1.95E+05,2.55E+05,1.90E+05,2.18E+05,2.54E+05,1.92E-02,7.01E-01,8.98E-01,7.44E-01,8.31E-01,7.68E-01,7.68E-01,1.00E+00,7.48E-01,8.58E-01,1.00E+00
T315I,2960,2.06E+05,1.97E+05,1.92E+05,2.24E+05,2.89E+05,2.06E+05,1.98E+05,2.25E+05,2.17E+05,2.00E+05,1.48E-02,1.03E+00,9.85E-01,9.60E-01,1.12E+00,1.45E+00,1.03E+00,9.90E-01,1.13E+00,1.09E+00,1.00E+00
E255V,1723,1.49E+05,1.78E+05,2.07E+05,1.92E+05,2.08E+05,2.14E+05,1.79E+05,1.88E+05,1.69E+05,1.91E+05,9.02E-03,7.80E-01,9.32E-01,1.08E+00,1.01E+00,1.09E+00,1.12E+00,9.37E-01,9.84E-01,8.85E-01,1.00E+00
E255V,924.9,1.37E+05,1.74E+05,1.69E+05,1.91E+05,2.19E+05,2.05E+05,2.25E+05,1.75E+05,1.68E+05,1.81E+05,5.11E-03,7.57E-01,9.61E-01,9.34E-01,1.06E+00,1.21E+00,1.13E+00,1.24E+00,9.67E-01,9.28E-01,1.00E+00
E255V,1719,9.04E+04,1.19E+05,1.38E+05,1.20E+05,1.22E+05,1.24E+05,1.39E+05,1.35E+05,1.83E+05,1.45E+05,1.19E-02,6.23E-01,8.21E-01,9.52E-01,8.28E-01,8.41E-01,8.55E-01,9.59E-01,9.31E-01,1.26E+00,1.00E+00
E255V,1203,1.01E+05,9.48E+04,1.19E+05,1.21E+05,1.03E+05,1.35E+05,1.18E+05,1.35E+05,1.90E+05,1.99E+05,6.05E-03,5.08E-01,4.76E-01,5.98E-01,6.08E-01,5.18E-01,6.78E-01,5.93E-01,6.78E-01,9.55E-01,1.00E+00
E255V,917.4,5.04E+04,8.04E+04,7.05E+04,6.71E+04,6.92E+04,7.89E+04,8.82E+04,9.12E+04,1.25E+05,9.52E+04,9.64E-03,5.29E-01,8.45E-01,7.41E-01,7.05E-01,7.27E-01,8.29E-01,9.26E-01,9.58E-01,1.31E+00,1.00E+00
E255V,893.3,8.81E+04,6.77E+04,8.75E+04,6.60E+04,5768,6.55E+04,9.47E+04,1.30E+05,1.06E+05,1.12E+05,7.98E-03,7.87E-01,6.04E-01,7.81E-01,5.89E-01,5.15E-02,5.85E-01,8.46E-01,1.16E+00,9.46E-01,1.00E+00
E255V,2358,1.89E+05,2.85E+05,3.49E+05,3.86E+05,3.39E+05,3.30E+05,3.25E+05,2.51E+05,2.90E+05,2.85E+05,8.27E-03,6.63E-01,1.00E+00,1.22E+00,1.35E+00,1.19E+00,1.16E+00,1.14E+00,8.81E-01,1.02E+00,1.00E+00
E255V,1867,1.97E+05,2.39E+05,2.84E+05,3.75E+05,3.03E+05,3.01E+05,3.22E+05,3.04E+05,2.29E+05,2.48E+05,7.53E-03,7.94E-01,9.64E-01,1.15E+00,1.51E+00,1.22E+00,1.21E+00,1.30E+00,1.23E+00,9.23E-01,1.00E+00
